[
  {
    "id": "9e3e4232-6197-4508-ad17-d95bc11f18f5",
    "data": [
      {
        "text": "鶏肉",
        "alias": "any",
        "meta": "@sys.any",
        "userDefined": true
      },
      {
        "text": "を",
        "userDefined": false
      },
      {
        "text": "かう",
        "alias": "Action",
        "meta": "@Action",
        "userDefined": false
      }
    ],
    "isTemplate": false,
    "count": 0,
    "updated": 1531750270
  },
  {
    "id": "e1dd1ce5-558a-4f9d-bbf3-23d85d5cba5b",
    "data": [
      {
        "text": "豚肉",
        "alias": "any",
        "meta": "@sys.any",
        "userDefined": true
      },
      {
        "text": "を",
        "userDefined": false
      },
      {
        "text": "買う",
        "alias": "Action",
        "meta": "@Action",
        "userDefined": false
      }
    ],
    "isTemplate": false,
    "count": 0,
    "updated": 1531750270
  }
]